{"population":2463431,"area":2878.52,"density":855.7977710768,"pop-rank":2.0,"something1":4926863.0,"something2":4926863.0}
{"population":1392609,"area":5110.21,"density":272.5150238444,"pop-rank":3.0,"something1":2785219.0,"something2":2785219.0}
{"population":5928040,"area":5905.71,"density":1003.7810864401,"pop-rank":1.0,"something1":11856081.0,"something2":11856081.0}
